i	1
ii	2
iii	3
iv	4
v	5
vi	6
vii	7
viii	8
ix	9
x	10
xi	11
xii	12
xiii	13
xiv	14
xv	15
xvi	16
xvii	17
xviii	18
xix	19
xx	20
xxi	21
xxii	22
xxiii	23
xxiv	24
xxv	25
xxvi	26
xxvii	27
xxviii	28
xxix	29
xxx	30
xxxi	31
xxxii	32
xxxiii	33
xxxiv	34
xxxv	35
xxxvi	36
xxxvii	37
xxxviii	38
xxxix	39
xl	40
xli	41
xlii	42
xliii	43
xliv	44
xlv	45
xlvi	46
xlvii	47
xlviii	48
xlix	49
mcmxciv	1994
mcmxcv	1995
mcmxcvi	1996
mcmxcvii	1997
mcmxcviii	1998
mcmxcix	1999
mm	2000
mmi	2001
mmii	2002
mmiii	2003
mmiv	2004
mmv	2005
mmvi	2006
mmvii	2007
mmviii	2008
mmix	2009
mmx	2010
mmxi	2011
mmxii	2012
mmxiii	2013
mmxiv	2014
mmxv	2015
mmxvi	2016
mmxvii	2017
mmxviii	2018
mmxix	2019
mmxx	2020
mmxxi	2021
mmxxii	2022
mmxxiii	2023
mmxxiv	2024
mmxxv	2025
mmxxvi	2026
mmxxvii	2027
mmxxviii	2028
mmxxix	2029
mmxxx	2030
mmxxxi	2031
mmxxxii	2032
mmxxxiii	2033
mmxxxiv	2034
mmxxxv	2035
